{"cameraMode":{"drawMode":0,"name":"Shaded","section":"Shading Mode"},"sceneLighting":false,"audioPlay":false,"sceneViewState":{"m_AlwaysRefresh":true,"showFog":true,"showSkybox":false,"showFlares":true,"showImageEffects":true,"showParticleSystems":true,"showVisualEffectGraphs":true,"m_FxEnabled":true},"in2DMode":false,"pivot":{"x":-0.6510646939277649,"y":2.6326446533203127,"z":-1.8629730939865113},"rotation":{"x":-0.0008305792580358684,"y":0.9938192367553711,"z":-0.11076938360929489,"w":-0.007453450001776218},"size":2.421801805496216,"orthographic":false}